{
    "name": "Boost",
    "description": "you Flap Your wings in a way that boosts you forward",
    "condition": {
        "type": "origins:fall_flying"
    },
    "type": "origins:active_self",
    "entity_action": {
        "type": "origins:and",
        "actions": [
            {
                "type": "origins:add_velocity",
                "x": 0,
                "y": 0,
                "z": 1,
                "space": "local",
                "client": true,
                "server": true
            }
        ]
    },
    "cooldown": 20,
    "hud_render": {
        "should_render": true,
        "sprite_location": "origins:textures/gui/resource_bar.png",
        "bar_index": 4
    },
    "key": "secondary"
}